DO,pH,Conductivity,BOD,COD,Nitrate,Ammonical_N,Fecal_Coliform,Total_Coliform,Turbidity,Chlorides,TDS,Total_Hardness,Phosphate,Pollution_Class
0.3,7.4,1394.0,28.0,192.0,7.3,10.5,49000000.0,240000000.0,10.4,180.0,948.0,488.0,2.8,High
5.1,6.9,1187.0,3.9,60.0,12.0,0.4,1840.0,3200.0,10.4,216.0,760.0,232.0,0.4,Low
4.1,7.4,466.0,7.0,72.0,8.0,0.6,4800.0,35000.0,10.4,44.0,320.0,220.0,0.3,High
0.3,7.8,1480.0,28.2,44.0,1.95,2.39,130.0,2800.0,10.4,220.0,968.0,328.0,0.3,Moderate
5.6,7.0,250.0,4.0,40.0,6.0,0.4,480.0,16000.0,10.4,20.0,170.0,68.0,0.2,Low
2.9,7.9,1196.0,20.0,136.0,4.0,2.0,7000.0,92000.0,10.4,336.0,824.0,288.0,0.2,High
2.0,8.2,968.0,17.0,117.0,3.7,1.5,6300.0,54000.0,10.4,148.0,660.0,248.0,2.6,High
4.1,8.5,708.0,10.0,99.0,3.0,0.84,27000.0,240000.0,10.4,136.0,480.0,164.0,0.44,High
4.1,8.5,710.0,11.0,104.0,3.0,0.86,7900.0,54000.0,10.4,136.0,486.0,164.0,0.45,High
4.4,8.5,762.0,9.0,88.0,3.3,0.8,4600.0,35000.0,10.4,148.0,522.0,204.0,2.4,High
4.6,7.5,630.0,8.0,74.0,2.9,0.79,4800.0,92000.0,10.4,128.0,432.0,156.0,0.2,High
3.4,8.0,904.0,12.0,119.0,3.7,1.3,4700.0,160000.0,10.4,148.0,620.0,268.0,0.4,High
4.4,8.5,769.0,9.0,80.0,3.0,0.83,1700.0,24000.0,10.4,144.0,520.0,156.0,1.7,Moderate
5.2,7.7,1272.0,7.0,69.0,5.9,0.82,4600.0,54000.0,10.4,368.0,868.0,276.0,1.8,Moderate
4.5,7.5,1265.0,8.0,73.0,5.9,0.76,4000.0,92000.0,10.4,340.0,864.0,316.0,1.9,High
5.7,7.8,310.0,5.0,64.0,1.0,0.4,4000.0,54000.0,10.4,40.0,208.0,96.0,0.3,Moderate
5.8,7.7,338.0,5.0,60.0,1.0,0.4,2300.0,24000.0,10.4,44.0,230.0,128.0,0.3,Low
5.8,7.7,833.0,5.0,68.0,3.0,0.4,3100.0,35000.0,10.4,140.0,556.0,168.0,0.28,Moderate
5.7,7.8,332.0,5.0,48.0,1.0,0.4,470.0,16000.0,10.4,40.0,224.0,100.0,0.3,Low
5.4,7.7,825.0,6.0,56.0,3.0,0.4,4300.0,92000.0,10.4,152.0,554.0,164.0,0.29,Moderate
6.1,7.7,1012.0,4.0,44.0,4.0,0.4,330.0,16000.0,10.4,138.0,682.0,200.0,0.91,Low
4.7,8.0,898.0,7.0,88.0,3.0,0.48,2200.0,24000.0,10.4,128.0,604.0,240.0,2.0,Moderate
4.1,6.7,495.0,12.0,116.0,1.4,0.95,3900.0,92000.0,10.4,76.0,340.0,132.0,0.2,High
5.0,7.4,813.0,7.0,68.0,2.4,0.61,490.0,16000.0,10.4,124.0,552.0,220.0,0.34,Moderate
4.4,7.1,333.0,10.0,102.0,1.0,0.92,7900.0,92000.0,10.4,48.0,230.0,88.0,0.2,High
4.2,7.4,251.0,11.0,109.0,0.73,0.94,11000.0,54000.0,10.4,36.0,174.0,64.0,0.2,High
3.1,6.8,538.0,12.0,110.0,1.6,2.6,4800.0,35000.0,10.4,80.0,366.0,144.0,0.22,High
4.8,6.5,1059.0,6.0,56.0,1.0,0.4,5800.0,92000.0,10.4,52.0,720.0,124.0,0.22,Moderate
2.8,6.5,1190.0,13.0,116.0,2.38,11.0,410.0,16000.0,10.4,96.0,806.0,256.0,0.2,Moderate
4.8,7.7,815.0,7.0,60.0,2.14,0.4,310.0,9200.0,10.4,144.0,552.0,92.0,0.2,Moderate
4.9,6.9,491.0,4.0,46.0,1.88,0.86,700.0,16000.0,10.4,80.0,342.0,128.0,0.2,Low
4.8,6.9,1420.0,4.0,46.0,5.45,0.82,4000.0,92000.0,10.4,240.0,994.0,384.0,0.75,Moderate
5.0,6.7,428.0,4.0,41.0,1.64,0.74,480000.0,3500000.0,10.4,68.0,296.0,112.0,0.2,Low
2.9,7.2,840.0,18.0,156.0,3.22,3.1,230000.0,2400000.0,10.4,140.0,586.0,224.0,0.46,High
5.1,6.9,2041.0,4.0,40.0,7.83,0.55,4900.0,54000.0,10.4,344.0,1432.0,556.0,0.42,Low
4.2,7.2,390.0,4.0,40.0,2.0,0.62,4800.0,54000.0,10.4,48.0,268.0,120.0,0.55,Moderate
4.3,6.9,410.0,4.0,44.0,2.0,0.72,630.0,16000.0,10.4,84.0,286.0,108.0,0.54,Low
4.3,7.1,379.0,5.0,48.0,2.0,0.73,21.0,540.0,10.4,48.0,264.0,104.0,0.23,Low
4.0,6.9,416.0,9.0,88.0,2.0,0.74,700.0,16000.0,10.4,72.0,290.0,92.0,0.2,Moderate
0.3,6.9,1186.0,18.0,192.0,2.8,2.16,3300.0,35000.0,10.4,208.0,810.0,256.0,0.56,High
4.8,7.3,1170.0,8.0,95.0,3.0,0.4,4000.0,35000.0,10.4,108.0,796.0,244.0,0.58,High
4.3,7.3,1168.0,7.0,89.0,3.0,0.4,3100.0,92000.0,10.4,124.0,790.0,220.0,0.63,High
4.5,7.4,796.0,8.0,90.0,2.0,0.4,4800.0,54000.0,10.4,116.0,546.0,196.0,0.24,High
4.3,7.2,1027.0,6.0,75.0,2.2,0.4,4700.0,160000.0,10.4,128.0,700.0,196.0,0.49,Moderate
4.4,7.3,795.0,6.0,75.0,2.0,0.4,2200.0,24000.0,10.4,116.0,540.0,168.0,0.28,Moderate
4.0,7.7,896.0,9.0,84.0,4.0,0.97,330.0,9200.0,10.4,148.0,612.0,212.0,0.2,Moderate
4.9,7.6,549.0,7.0,69.0,1.6,0.57,460.0,16000.0,10.4,84.0,374.0,148.0,0.23,Moderate
4.1,7.1,754.0,11.0,112.0,2.2,0.95,3300.0,35000.0,10.4,116.0,514.0,204.0,0.32,High
4.2,7.0,750.0,11.0,107.0,2.2,0.93,4800.0,92000.0,10.4,116.0,510.0,200.0,0.31,High
3.2,6.9,1119.0,13.0,129.0,3.2,1.9,2700.0,24000.0,10.4,172.0,762.0,300.0,0.47,High
3.0,6.9,1207.0,13.0,131.0,3.5,2.1,3900.0,160000.0,10.4,188.0,822.0,324.0,0.51,High
2.8,7.2,1207.0,23.0,160.0,4.63,4.7,4900.0,54000.0,10.4,200.0,842.0,328.0,0.57,High
6.1,7.1,640.0,4.0,41.0,2.45,0.4,2200.0,24000.0,10.4,104.0,446.0,172.0,0.2,Low
6.6,6.7,559.0,4.0,40.0,2.14,0.42,6300.0,54000.0,10.4,92.0,390.0,148.0,0.2,Low
5.4,7.2,758.0,4.0,45.0,2.91,0.4,4100.0,35000.0,10.4,124.0,530.0,204.0,0.2,Low
6.5,6.9,589.0,4.0,44.0,2.26,0.71,7000.0,160000.0,10.4,96.0,412.0,160.0,0.2,Low
3.1,7.1,1209.0,17.0,136.0,4.73,2.7,4600.0,92000.0,10.4,200.0,840.0,328.0,0.58,High
6.4,7.0,522.0,4.0,40.0,2.0,0.64,3100.0,35000.0,10.4,84.0,364.0,140.0,0.2,Low
4.1,7.3,1692.0,9.0,96.0,6.0,0.66,470.0,16000.0,10.4,244.0,1136.0,500.0,0.41,Moderate
0.3,7.0,2620.0,70.0,317.0,8.8,12.9,46000.0,540000.0,10.4,444.0,1836.0,660.0,0.63,High
0.3,6.8,2163.0,66.0,300.0,8.2,11.6,170000.0,2400000.0,10.4,368.0,1512.0,544.0,0.57,High
6.1,7.1,588.0,4.0,40.0,2.0,0.4,4600.0,92000.0,10.4,76.0,398.0,184.0,0.2,Low
6.0,7.0,589.0,4.0,44.0,2.0,0.4,6300.0,160000.0,10.4,76.0,396.0,168.0,0.2,Low
4.2,7.6,1613.0,7.0,76.0,7.0,0.91,49000.0,350000.0,10.4,248.0,1128.0,348.0,1.0,High
0.3,7.3,1438.0,186.0,665.0,6.0,22.0,8400.0,92000.0,10.4,204.0,1006.0,372.0,1.41,High
1.3,7.2,1688.0,24.0,162.0,7.0,2.5,170.0,3500.0,10.4,232.0,1164.0,368.0,0.93,Moderate
0.3,7.4,1687.0,124.0,480.0,7.0,13.2,7000.0,160000.0,10.4,224.0,1180.0,324.0,1.7,High
0.3,7.3,1565.0,225.0,752.0,6.0,24.2,2300.0,24000.0,10.4,220.0,1094.0,324.0,1.6,Moderate
0.3,7.3,1589.0,105.0,442.0,6.0,14.3,9400.0,54000.0,10.4,244.0,1112.0,360.0,3.0,High
4.7,6.9,566.0,9.0,115.0,1.1,0.4,1300.0,24000.0,10.4,116.0,390.0,196.0,0.2,Moderate
4.4,6.8,535.0,6.0,75.0,1.0,0.4,3900.0,54000.0,10.4,124.0,380.0,176.0,0.2,Moderate
4.6,8.2,569.0,7.0,80.0,0.92,0.4,2200.0,24000.0,10.4,120.0,390.0,156.0,0.2,Moderate
4.4,6.9,784.0,9.0,104.0,1.4,0.4,580.0,16000.0,10.4,212.0,540.0,264.0,0.22,Moderate
4.8,7.0,1465.0,9.0,116.0,3.8,0.4,480.0,16000.0,10.4,268.0,998.0,412.0,1.45,Moderate
4.8,6.8,779.0,6.0,75.0,1.5,0.4,3100.0,35000.0,10.4,192.0,530.0,268.0,0.2,Moderate
4.4,7.1,650.0,6.0,79.0,1.44,0.4,1700.0,24000.0,10.4,156.0,446.0,180.0,0.2,Moderate
0.3,8.2,2186.0,23.0,271.0,8.0,0.4,2200.0,92000.0,10.4,320.0,1490.0,476.0,1.3,Moderate
0.3,7.2,1544.0,30.0,330.0,4.0,8.3,460000.0,16000000.0,10.4,127.0,1050.0,356.0,0.24,High
1.8,7.7,767.0,15.0,128.0,2.0,1.2,4600.0,54000.0,10.4,104.0,520.0,172.0,1.0,High
0.3,6.5,1157.0,52.0,340.0,3.0,20.0,17000000.0,24000000.0,10.4,164.0,786.0,232.0,0.35,High
4.2,7.8,1060.0,10.0,92.0,3.0,0.71,4900.0,160000.0,10.4,200.0,720.0,248.0,1.0,High
4.8,6.8,1576.0,6.0,56.0,4.0,0.4,480.0,9200.0,10.4,344.0,1072.0,372.0,1.0,Moderate
5.2,6.8,1571.0,6.0,52.0,4.0,0.4,310.0,16000.0,10.4,320.0,1068.0,344.0,0.81,Low
5.3,7.1,1620.0,5.0,44.0,4.0,0.4,3300.0,35000.0,10.4,276.0,1102.0,128.0,0.49,Low
4.1,6.6,588.0,10.0,88.0,2.0,0.4,4000.0,54000.0,10.4,112.0,398.0,172.0,0.68,High
0.8,7.3,1258.0,18.0,120.0,4.9,3.4,4600.0,92000.0,10.4,176.0,858.0,408.0,2.5,High
0.8,7.0,874.0,18.0,116.0,4.2,2.5,2200000.0,24000000.0,10.4,56.0,602.0,340.0,0.23,High
5.6,7.0,626.0,7.0,62.0,1.3,0.97,4000.0,160000.0,10.4,112.0,420.0,100.0,0.3,Moderate
0.5,7.0,1096.0,18.0,122.0,5.2,2.8,1700.0,35000.0,10.4,112.0,748.0,356.0,3.1,Moderate
4.6,6.8,343.0,8.0,80.0,1.3,0.97,480.0,16000.0,10.4,28.0,230.0,124.0,0.2,Moderate
5.5,7.3,340.0,7.0,70.0,1.2,0.74,470.0,16000.0,10.4,32.0,230.0,124.0,0.2,Moderate
5.3,6.7,405.0,7.3,68.0,1.5,0.7,330.0,5400.0,10.4,28.0,278.0,128.0,0.2,Moderate
5.4,7.3,603.0,7.0,69.0,1.1,0.68,390.0,16000.0,10.4,112.0,412.0,132.0,0.2,Moderate
4.0,7.4,2082.0,8.0,84.0,8.0,0.63,31.0,350.0,10.4,180.0,1456.0,328.0,1.21,Moderate
4.8,7.2,402.0,7.0,66.0,1.4,0.7,320.0,9200.0,10.4,72.0,296.0,120.0,0.2,Moderate
3.2,7.2,1193.0,17.0,124.0,4.0,1.6,4900.0,92000.0,10.4,136.0,794.0,280.0,1.0,High
4.1,7.3,590.0,12.0,116.0,1.7,0.94,41000.0,350000.0,10.4,88.0,404.0,156.0,0.25,High
0.3,7.2,2231.0,23.0,189.0,6.8,4.2,34000.0,240000.0,10.4,348.0,1520.0,616.0,0.93,High
0.3,6.5,645.0,124.0,418.0,3.0,16.8,4600.0,35000.0,10.4,72.0,444.0,232.0,0.2,High
7.2,7.5,903.0,15.0,128.0,3.0,1.7,4700.0,92000.0,10.4,116.0,614.0,208.0,0.37,Moderate
5.4,8.0,431.0,7.0,68.0,2.0,0.8,4800.0,160000.0,10.4,40.0,296.0,140.0,0.2,Moderate
4.5,7.6,855.0,8.0,80.0,3.0,0.48,4100.0,54000.0,10.4,128.0,558.0,212.0,0.35,High
4.2,8.0,517.0,5.0,48.0,2.0,0.5,4300.0,92000.0,10.4,44.0,356.0,292.0,0.3,Moderate
0.3,7.7,471.0,170.0,594.0,2.0,2.1,4900.0,35000.0,10.4,52.0,324.0,178.0,0.2,High
4.6,8.0,332.0,8.0,96.0,1.15,0.84,4000.0,54000.0,28.2,44.0,222.0,88.0,0.2,High
1.8,7.5,1374.0,21.0,168.0,5.3,8.6,46000.0,350000.0,7.1,232.0,952.0,372.0,0.77,High
3.1,6.8,616.0,11.0,104.0,2.0,0.91,480.0,16000.0,2.0,92.0,425.0,232.0,0.2,Moderate
6.6,8.4,448.0,6.0,56.0,2.0,0.41,4600.0,54000.0,8.9,68.0,304.0,236.0,0.2,Moderate
3.2,7.3,462.0,15.0,121.0,1.77,3.8,2700.0,24000.0,39.4,72.0,320.0,120.0,0.34,High
4.7,6.8,271.0,5.0,121.0,1.04,0.76,2700.0,24000.0,12.3,40.0,186.0,68.0,0.2,Moderate
5.0,8.1,333.0,7.0,84.0,1.16,0.89,3100.0,35000.0,32.6,40.0,224.0,80.0,0.2,Moderate
4.4,7.76,491.0,8.0,96.0,1.1,0.4,480.0,16000.0,4.2,76.0,336.0,192.0,0.2,Moderate
3.1,6.9,459.0,16.0,112.0,2.0,1.7,7000.0,92000.0,20.1,40.0,312.0,112.0,0.5,High
1.2,7.2,902.0,40.0,192.0,3.1,6.9,940.0,16000.0,1.2,140.0,608.0,260.0,1.08,Moderate
4.3,7.8,281.0,9.0,91.0,1.8,0.92,700.0,9200.0,4.3,40.0,194.0,72.0,0.2,Moderate
4.3,7.5,390.0,5.0,67.0,0.85,0.4,7000.0,92000.0,5.8,72.0,268.0,136.0,0.2,Moderate
4.2,7.2,386.0,7.0,83.0,0.96,0.96,6300.0,54000.0,5.3,76.0,270.0,136.0,0.2,High
4.1,8.2,589.0,10.0,120.0,2.0,0.92,4300.0,54000.0,31.2,88.0,400.0,120.0,0.46,High
4.3,7.06,2137.0,9.0,107.0,7.4,0.42,31000.0,350000.0,6.3,400.0,1458.0,500.0,0.2,High
4.2,7.5,1061.0,7.0,68.0,4.1,0.9,2200.0,24000.0,7.6,116.0,734.0,428.0,1.6,Moderate
3.3,6.9,1463.0,13.0,115.0,5.6,1.8,9400.0,160000.0,7.7,244.0,1012.0,396.0,1.23,High
4.6,7.2,1714.0,8.0,92.0,7.0,0.96,2300.0,24000.0,2.1,324.0,1164.0,364.0,0.31,Moderate
1.0,7.5,1315.0,18.0,140.0,5.0,4.8,490.0,16000.0,21.2,164.0,894.0,268.0,1.86,Moderate
4.4,7.5,424.0,6.0,74.0,0.92,0.6,58000.0,160000.0,6.3,108.0,286.0,124.0,0.2,Moderate
2.3,7.9,926.0,17.0,83.0,3.0,2.4,70000.0,350000.0,16.6,188.0,640.0,76.0,1.0,High
1.2,6.8,1248.0,21.0,164.0,4.8,6.4,40000.0,350000.0,6.2,208.0,860.0,336.0,1.07,High
4.2,7.3,588.0,8.0,72.0,2.725,0.9,9400.0,54000.0,5.1,52.0,432.0,148.0,0.21,High
6.2,7.8,571.0,4.0,40.0,2.0,0.61,6300.0,92000.0,31.2,104.0,388.0,92.0,0.2,Low
2.9,7.2,1886.0,18.0,133.0,7.2,4.9,79000.0,350000.0,13.0,320.0,1314.0,516.0,0.59,High
5.3,7.3,802.0,5.0,49.0,2.8,0.78,700.0,16000.0,4.9,156.0,420.0,128.0,0.2,Low
6.1,7.8,788.0,4.0,48.0,3.0,0.4,340.0,5400.0,2.3,156.0,530.0,108.0,0.2,Low
5.6,7.7,534.0,6.0,60.0,2.15,0.4,480.0,16000.0,6.5,76.0,368.0,112.0,0.2,Low
3.0,7.0,448.0,29.0,172.0,2.0,2.9,4600.0,35000.0,26.4,56.0,308.0,104.0,0.2,High
4.2,7.4,539.0,13.0,116.0,2.0,0.94,490.0,5400.0,25.5,52.0,370.0,132.0,0.2,Moderate
2.4,6.8,610.0,29.0,176.0,2.0,3.0,700.0,16000.0,30.5,80.0,420.0,132.0,0.29,Moderate
2.6,6.9,625.0,8.0,76.0,2.2,2.4,480.0,5400.0,10.4,96.0,450.0,124.0,0.3,Moderate
2.5,6.9,540.0,35.0,184.0,2.0,3.0,790.0,9200.0,3.2,92.0,372.0,124.0,0.2,Moderate
2.6,7.5,863.0,8.0,83.0,3.6,1.7,23000.0,240000.0,12.2,136.0,596.0,196.0,2.2,High
3.1,6.8,905.0,16.0,120.0,2.725,4.2,4600.0,92000.0,41.2,148.0,630.0,244.0,0.55,High
4.8,7.8,748.0,6.0,55.0,3.2,0.76,430.0,5400.0,10.2,160.0,518.0,116.0,0.2,Moderate
4.7,7.1,827.0,8.0,79.0,3.3,0.83,2700.0,24000.0,6.0,148.0,536.0,204.0,0.2,High
5.1,7.0,459.0,5.0,49.0,1.76,0.81,79000.0,350000.0,2.7,72.0,316.0,120.0,0.2,Low
5.3,6.9,462.0,4.0,44.0,1.79,0.64,4300.0,54000.0,19.6,76.0,318.0,124.0,0.2,Low
5.0,8.1,547.0,7.2,68.0,1.9,0.86,7000.0,92000.0,3.6,48.0,382.0,176.0,0.43,Moderate
5.2,6.9,564.0,5.0,47.0,2.16,0.52,43000.0,540000.0,8.6,92.0,382.0,152.0,0.23,Low
5.1,7.9,565.0,7.3,68.0,1.9,0.87,4700.0,54000.0,4.4,60.0,394.0,172.0,0.31,Moderate
5.7,7.1,456.0,4.0,40.0,1.59,0.56,40000.0,350000.0,20.1,68.0,314.0,116.0,0.2,Low
5.4,7.0,560.0,4.0,40.0,2.11,0.49,17000.0,240000.0,88.0,88.0,388.0,148.0,0.2,Low
6.0,7.3,437.0,5.0,52.0,1.5,0.4,7000.0,160000.0,2.0,44.0,294.0,164.0,0.2,Moderate
5.5,8.2,788.0,4.0,52.0,2.7,0.4,4900.0,35000.0,3.4,128.0,528.0,256.0,0.95,Moderate
2.2,7.2,279.0,16.0,124.0,0.86,5.2,4900.0,35000.0,5.2,28.0,188.0,116.0,0.2,High
4.3,7.9,913.0,9.0,104.0,2.09,0.4,1700.0,24000.0,2.9,196.0,616.0,308.0,0.2,Moderate
4.6,6.9,582.0,7.0,75.0,1.0,0.4,9400.0,92000.0,2.4,120.0,410.0,200.0,0.2,High
4.4,7.3,729.0,8.0,83.0,2.725,0.8,3400.0,35000.0,10.4,112.0,496.0,176.0,0.3,High
5.4,8.6,268.0,6.0,56.0,0.75,0.4,6300.0,54000.0,118.0,28.0,174.0,128.0,0.2,Moderate
4.8,8.7,356.0,7.0,84.0,1.1,0.4,4600.0,54000.0,39.7,32.0,238.0,152.0,0.52,High
4.8,7.1,851.0,8.0,74.0,3.2,0.83,4800.0,54000.0,4.5,144.0,588.0,208.0,0.3,High
4.5,6.7,521.0,4.0,45.0,2.23,0.71,4300.0,160000.0,4.3,84.0,360.0,136.0,0.24,Moderate
4.6,8.2,405.0,6.0,74.0,1.0,0.4,31000.0,350000.0,4.4,76.0,278.0,112.0,0.2,Moderate
0.3,7.2,1996.0,51.0,352.0,5.0,14.6,31000000.0,350000000.0,16.2,520.0,1358.0,632.0,1.46,High
3.4,7.3,1353.0,12.0,122.0,3.9,1.8,5800.0,92000.0,6.7,212.0,920.0,364.0,0.34,High
3.6,7.3,2166.0,45.0,236.0,9.0,8.6,27000000.0,240000000.0,52.0,316.0,1472.0,572.0,2.4,High
4.3,6.8,1624.0,7.0,87.0,3.9,0.4,46000.0,350000.0,4.8,400.0,1110.0,528.0,0.51,High
2.9,7.1,1460.0,27.0,184.0,5.0,15.2,460000.0,9200000.0,8.5,192.0,972.0,280.0,0.35,High
6.1,7.0,182.0,4.0,44.0,0.63,0.4,4800.0,92000.0,1.9,12.0,124.0,120.0,0.2,Low
5.9,7.9,788.0,4.0,400.0,3.02,0.61,700.0,16000.0,3.2,128.0,542.0,212.0,0.31,Low
6.9,7.2,1435.0,4.0,46.0,5.5,0.92,58000.0,920000.0,9.2,240.0,996.0,392.0,0.34,Low
3.2,6.8,1140.0,11.0,110.0,3.3,2.4,4000.0,35000.0,9.5,176.0,778.0,308.0,0.3,High
4.8,7.9,572.0,7.8,71.0,1.9,0.82,2300.0,24000.0,4.2,56.0,398.0,160.0,0.43,Moderate
5.2,7.9,561.0,7.0,65.0,1.9,0.8,46000.0,350000.0,4.5,60.0,392.0,152.0,0.2,Moderate
5.1,7.7,482.0,7.4,69.0,2.0,0.84,4800.0,160000.0,5.0,68.0,338.0,96.0,0.2,Moderate
4.6,8.2,498.0,8.1,74.0,1.6,0.88,43000.0,540000.0,4.7,36.0,348.0,180.0,0.54,High
5.0,7.9,568.0,7.3,68.0,1.9,0.88,840.0,92000.0,4.2,64.0,396.0,172.0,0.31,Moderate
4.6,7.2,930.0,6.0,73.0,1.53,0.4,4800.0,54000.0,6.2,248.0,638.0,284.0,0.2,Moderate
4.1,6.7,142.0,11.0,114.0,0.4,0.99,4800.0,54000.0,19.2,20.0,98.0,36.0,0.2,High
2.2,7.0,756.0,13.0,113.0,2.9,5.2,7000.0,160000.0,7.1,120.0,522.0,200.0,0.89,High
4.6,7.7,816.0,7.0,64.0,3.0,0.41,4000.0,35000.0,7.3,136.0,554.0,128.0,0.2,High
5.6,8.2,537.0,6.0,52.0,2.0,0.68,470.0,16000.0,6.9,44.0,364.0,112.0,0.2,Low
3.2,6.5,744.0,15.0,135.0,2.86,4.8,4600.0,54000.0,80.4,116.0,510.0,196.0,0.54,High
2.0,7.0,602.0,17.0,116.0,1.4,2.3,27000.0,240000.0,20.4,168.0,420.0,84.0,0.8,High
4.6,7.5,972.0,6.0,70.0,2.1,0.52,2300.0,24000.0,5.2,252.0,662.0,288.0,0.2,Moderate
4.8,7.6,549.0,6.0,59.0,1.9,0.86,4800.0,92000.0,6.3,72.0,386.0,156.0,0.2,Moderate
5.1,7.5,396.0,7.0,67.0,1.5,0.8,840.0,16000.0,5.6,52.0,270.0,128.0,0.2,Moderate
6.2,6.8,588.0,4.0,40.0,2.25,0.42,6300.0,54000.0,8.2,92.0,406.0,152.0,0.2,Low
5.2,7.3,1671.0,4.0,44.0,6.4,0.81,1700.0,24000.0,8.6,276.0,1158.0,452.0,0.28,Low
5.1,6.9,1023.0,4.0,40.0,3.9,0.83,4100.0,35000.0,16.2,164.0,698.0,272.0,0.26,Low
4.2,6.5,392.0,4.0,40.0,1.53,0.92,840.0,9200.0,7.1,60.0,270.0,104.0,0.2,Low
4.9,8.2,1165.0,4.0,45.0,4.5,0.92,5800.0,92000.0,19.1,192.0,802.0,268.0,0.23,Moderate
4.5,6.9,530.0,7.0,61.0,1.9,0.9,23000.0,240000.0,9.5,68.0,368.0,168.0,0.25,High
2.1,7.7,2020.0,17.0,112.0,8.7,2.5,4000000.0,35000000.0,12.2,376.0,1384.0,508.0,0.6,High
1.6,7.7,1699.0,20.0,137.0,6.9,4.8,470000.0,5400000.0,10.6,356.0,1165.0,468.0,0.6,High
2.0,7.8,1948.0,18.0,117.0,8.6,2.6,230000.0,2400000.0,9.8,436.0,1328.0,476.0,0.2,High
4.4,6.58,770.0,6.0,74.0,1.3,0.4,70000.0,350000.0,3.6,188.0,540.0,252.0,0.2,Moderate
6.1,8.2,1090.0,4.0,36.0,3.7,0.4,9400.0,92000.0,2.1,112.0,738.0,200.0,0.2,Low
2.6,6.8,302.0,39.0,116.0,1.0,4.2,7900.0,160000.0,13.2,24.0,206.0,136.0,0.2,High
5.8,7.2,755.0,4.0,44.0,2.6,0.4,6300.0,92000.0,15.6,24.0,510.0,212.0,0.2,Low
4.5,8.2,1096.0,7.0,74.0,2.5,0.4,460.0,9200.0,4.0,184.0,710.0,248.0,0.52,Moderate
4.2,7.38,2170.0,6.0,74.0,5.7,0.4,34000.0,240000.0,6.3,436.0,1478.0,584.0,1.6,Moderate
0.3,7.14,1485.0,20.0,227.0,3.2,8.3,4900.0,92000.0,18.4,404.0,1022.0,512.0,0.56,High
4.2,7.5,972.0,6.0,70.0,2.1,0.52,2300.0,24000.0,5.2,252.0,662.0,288.0,0.29,Moderate
4.2,6.9,142.0,11.0,105.0,0.4,1.26,460.0,16000.0,4.3,40.0,100.0,36.0,0.2,Moderate
5.7,7.8,409.0,5.0,60.0,1.0,0.4,580.0,9200.0,15.6,56.0,276.0,88.0,0.2,Low
2.8,7.1,500.0,8.0,77.0,2.1,1.8,940.0,9200.0,5.8,88.0,360.0,68.0,0.23,Moderate
5.1,7.1,422.0,7.0,64.0,2.0,0.68,3400.0,54000.0,9.8,52.0,290.0,96.0,0.2,Moderate
4.9,7.3,607.0,6.0,50.0,2.8,0.72,840.0,9200.0,6.0,136.0,432.0,116.0,0.2,Low
4.4,7.5,1168.0,8.0,82.0,2.3,0.4,490.0,16000.0,6.3,284.0,792.0,392.0,0.22,Moderate
2.7,6.6,624.0,14.0,127.0,2.725,2.0,7900.0,35000.0,8.8,96.0,426.0,168.0,0.26,High
5.9,7.1,1049.0,4.0,43.0,4.0,0.4,940.0,16000.0,4.9,172.0,720.0,280.0,0.25,Low
4.8,8.4,540.0,8.0,92.0,2.0,0.51,7900.0,35000.0,28.6,72.0,366.0,92.0,0.2,High
4.1,8.2,589.0,10.0,120.0,2.0,0.92,4300.0,54000.0,31.2,88.0,400.0,120.0,0.46,High
1.6,7.1,872.0,12.0,128.0,4.0,2.6,4800.0,54000.0,26.2,100.0,592.0,216.0,2.12,High
5.2,7.6,1781.0,6.0,52.0,4.0,0.48,7900.0,35000.0,10.2,372.0,1212.0,308.0,0.24,Moderate
5.4,8.2,662.0,8.0,77.0,1.9,0.83,840.0,9200.0,9.2,152.0,460.0,76.0,0.2,Moderate
4.7,7.2,467.0,7.0,60.0,2.0,0.4,700.0,5400.0,6.8,52.0,316.0,136.0,0.2,Moderate
5.2,7.1,402.0,7.0,72.0,2.0,0.58,3300.0,35000.0,9.8,48.0,276.0,80.0,0.2,Moderate
5.1,8.2,341.0,7.0,88.0,1.0,0.66,490.0,5400.0,23.8,40.0,232.0,104.0,0.2,Moderate
3.2,6.7,537.0,17.0,128.0,2.0,4.5,1700.0,24000.0,8.3,40.0,362.0,72.0,0.71,Moderate
3.2,6.6,800.0,14.0,120.0,3.0,2.7,4300.0,54000.0,6.9,132.0,556.0,216.0,0.51,High
1.1,6.5,612.0,40.0,200.0,2.35,6.1,4000.0,54000.0,24.2,100.0,420.0,164.0,1.53,High
4.6,7.1,850.0,4.0,44.0,3.4,0.72,4900.0,35000.0,16.1,140.0,588.0,228.0,0.29,Moderate
5.0,7.0,406.0,7.0,72.0,2.0,0.49,4100.0,92000.0,9.5,52.0,280.0,80.0,0.2,Moderate
5.0,8.2,396.0,7.0,84.0,1.4,0.4,1700.0,4800.0,137.0,48.0,272.0,68.0,0.2,Moderate
3.4,8.6,1379.0,15.0,140.0,5.2,2.6,330.0,790.0,38.6,224.0,938.0,332.0,2.64,High
4.5,7.13,693.0,6.0,55.0,1.6,0.4,1700.0,7900.0,212.0,128.0,476.0,212.0,0.3,Moderate
4.4,7.4,598.0,4.0,43.0,2.31,0.61,14000.0,49000.0,9.4,96.0,418.0,160.0,0.2,Moderate
2.9,7.0,553.0,20.0,163.0,2.14,4.7,4500.0,23000.0,22.6,88.0,384.0,144.0,0.34,High
3.3,6.9,313.0,19.0,160.0,1.2,4.4,11000.0,33000.0,10.8,48.0,216.0,80.0,0.31,High
5.1,8.2,393.0,7.0,88.0,1.4,0.4,3100.0,9400.0,148.0,44.0,264.0,60.0,0.2,Moderate
5.8,7.9,576.0,7.0,66.0,2.2,0.8,320.0,3500.0,6.8,76.0,408.0,132.0,0.2,Moderate
5.4,8.5,385.0,6.0,56.0,1.4,0.4,3100.0,17000.0,138.0,52.0,270.0,64.0,0.2,Moderate
4.3,7.8,913.0,11.0,104.0,3.4,0.82,320.0,3500.0,8.4,148.0,640.0,208.0,0.5,Moderate
5.3,7.0,394.0,7.0,65.0,1.4,0.85,14.0,1600.0,7.8,48.0,286.0,128.0,0.2,Moderate
4.4,7.1,529.0,4.0,44.0,2.0,0.79,2200.0,9400.0,19.6,84.0,364.0,140.0,0.2,Low
4.4,6.7,429.0,8.0,76.0,8.3,0.9,2100.0,9400.0,9.2,84.0,304.0,108.0,0.2,Moderate
1.4,7.7,3020.0,28.0,168.0,10.5,23.0,450000.0,2300000.0,15.9,570.0,1998.0,570.0,2.5,High
4.4,7.1,646.0,8.0,96.0,2.3,0.4,2200.0,13000.0,32.3,100.0,432.0,96.0,0.26,Moderate
3.1,7.1,1517.0,21.0,155.0,5.8,3.9,320.0,3500.0,8.9,252.0,1048.0,412.0,0.61,Moderate
4.4,7.6,2241.0,11.0,103.0,10.0,0.76,2200.0,7000.0,10.6,548.0,1536.0,488.0,3.0,Moderate
4.4,7.0,1730.0,5.0,60.0,6.6,0.52,220.0,2400.0,10.8,288.0,1204.0,472.0,0.37,Moderate
0.5,6.7,383.0,18.0,120.0,1.7,2.0,1400.0,24000.0,13.6,64.0,280.0,136.0,1.0,Moderate
0.3,7.7,1253.0,148.0,992.0,4.0,18.4,2300.0,9400.0,198.0,200.0,864.0,280.0,0.59,Moderate
1.2,7.4,1405.0,81.0,228.0,4.8,39.0,1400.0,4800.0,18.8,164.0,922.0,256.0,2.5,Moderate
4.6,7.0,619.0,8.0,92.0,2.2,0.4,630.0,3500.0,37.5,92.0,418.0,88.0,0.29,Moderate
4.4,7.0,702.0,8.0,76.0,2.4,0.4,1300.0,7000.0,39.8,128.0,466.0,112.0,0.2,Moderate
1.3,7.9,2015.0,17.0,132.0,7.0,2.2,2300.0,7900.0,122.0,332.0,1370.0,340.0,1.64,Moderate
3.4,7.4,966.0,14.0,145.0,3.1,7.6,230.0,2400.0,126.0,148.0,658.0,260.0,0.2,Moderate
4.6,7.6,1042.0,8.0,79.0,2.5,0.4,430.0,3500.0,11.4,184.0,710.0,344.0,1.04,Moderate
3.1,8.0,667.0,12.0,116.0,2.5,0.98,1400.0,4900.0,16.0,100.0,456.0,128.0,0.2,Moderate
3.4,8.2,669.0,12.0,147.0,1.6,0.9,3300.0,11000.0,52.0,132.0,456.0,172.0,1.01,High
4.3,8.0,580.0,5.0,48.0,1.3,0.8,3300.0,4800.0,26.6,124.0,396.0,188.0,0.2,Moderate
4.5,8.5,634.0,6.0,55.0,1.6,0.4,2200.0,4900.0,68.0,132.0,496.0,212.0,0.3,Moderate
3.5,7.28,998.0,11.0,103.0,2.3,0.61,1700.0,7900.0,14.3,156.0,680.0,244.0,0.2,Moderate
2.3,8.5,1088.0,17.0,168.0,4.0,3.8,13000.0,33000.0,66.2,212.0,750.0,152.0,0.2,High
3.2,9.0,836.0,15.0,140.0,3.0,2.0,1700.0,4600.0,69.4,148.0,576.0,120.0,0.43,High
4.4,8.0,694.0,7.0,60.0,2.0,0.4,2100.0,7000.0,39.3,108.0,470.0,112.0,0.2,Moderate
6.1,7.9,1150.0,4.0,45.0,4.5,0.49,170.0,2400.0,5.6,196.0,796.0,320.0,0.27,Low
2.4,7.4,770.0,38.0,176.0,2.6,2.1,1700.0,7900.0,57.8,96.0,512.0,188.0,0.93,Moderate
2.2,7.6,745.0,28.0,172.0,2.5,1.2,2200.0,9400.0,49.2,96.0,496.0,168.0,0.88,Moderate
2.6,8.2,751.0,25.0,172.0,3.0,2.9,2100.0,11000.0,37.0,108.0,518.0,192.0,0.41,Moderate
3.0,8.1,1173.0,18.0,164.0,4.0,2.4,14000.0,49000.0,74.0,212.0,809.0,272.0,1.52,High
3.6,8.1,1248.0,32.0,188.0,4.0,4.5,2600.0,17000.0,75.0,224.0,857.0,296.0,1.67,High
3.5,8.1,1255.0,31.0,184.0,4.0,4.4,2100.0,9400.0,63.0,240.0,853.0,300.0,1.23,Moderate
4.4,7.6,692.0,8.0,88.0,2.4,0.4,3200.0,9400.0,115.0,88.0,470.0,132.0,0.2,High
5.5,7.5,874.0,5.0,48.0,3.5,0.42,1700.0,7000.0,39.6,144.0,594.0,164.0,0.33,Low
4.4,7.9,292.0,11.0,104.0,1.0,0.9,2100.0,9400.0,12.8,32.0,202.0,68.0,0.2,Moderate
4.6,7.7,1198.0,7.0,84.0,7.2,0.9,270.0,2400.0,6.6,88.0,824.0,492.0,0.2,Moderate
5.2,6.9,919.0,6.0,56.0,3.7,0.4,330.0,3500.0,27.0,80.0,624.0,292.0,0.2,Low
4.7,7.4,466.0,5.0,45.0,1.79,0.68,1700.0,4800.0,4.9,76.0,318.0,124.0,0.2,Low
0.9,6.9,1893.0,40.0,273.0,6.9,28.6,78000.0,330000.0,48.0,228.0,1296.0,560.0,4.5,High
1.2,6.6,675.0,28.0,188.0,2.3,20.4,2200.0,7900.0,206.0,52.0,470.0,104.0,3.3,Moderate
6.2,7.8,1147.0,4.0,44.0,4.4,0.4,580.0,3500.0,5.2,188.0,790.0,312.0,0.25,Low
6.2,7.3,571.0,4.0,45.0,2.19,0.4,580.0,3500.0,4.9,92.0,392.0,152.0,0.2,Low
0.3,7.3,3010.0,86.0,383.0,11.5,26.0,13000000.0,33000000.0,18.2,512.0,2088.0,824.0,1.48,High
0.9,7.6,1268.0,17.0,116.0,6.7,1.3,1100.0,7900.0,14.4,296.0,882.0,536.0,1.4,Moderate
3.3,8.0,2290.0,16.0,120.0,9.24,1.2,3400.0,35000.0,7.2,380.0,1556.0,496.0,1.02,High
0.3,7.6,3040.0,94.0,395.0,11.7,21.0,2600.0,7000.0,17.1,516.0,2116.0,832.0,1.52,High
3.2,8.18,2040.0,10.0,116.0,10.9,3.0,1100000.0,3300000.0,56.0,396.0,1386.0,556.0,1.25,High
6.2,7.5,312.0,5.0,48.0,0.85,0.4,1700.0,7900.0,36.2,16.0,212.0,84.0,0.2,Low
5.1,7.8,955.0,4.0,44.0,3.67,0.61,260.0,3500.0,3.9,160.0,650.0,252.0,0.25,Low
4.2,6.9,1856.0,10.0,99.0,5.9,0.99,2200.0,4900.0,3.3,292.0,1264.0,504.0,2.0,Moderate
0.5,7.8,1392.0,20.0,133.0,6.4,4.0,3100.0,9400.0,18.2,220.0,966.0,456.0,1.5,High
2.3,7.9,754.0,27.0,172.0,3.0,2.8,2100.0,13000.0,38.0,92.0,510.0,176.0,0.44,Moderate
2.2,7.9,755.0,19.0,168.0,3.0,2.4,2200.0,9400.0,46.0,104.0,513.0,192.0,0.52,Moderate
2.4,8.0,758.0,17.0,168.0,3.0,2.5,6800.0,33000.0,39.0,108.0,520.0,188.0,0.55,High
3.0,8.0,931.0,17.0,168.0,3.0,2.3,1200.0,7900.0,44.0,160.0,642.0,248.0,0.8,Moderate
2.8,8.0,758.0,29.0,172.0,3.0,2.8,1700.0,4800.0,48.0,96.0,515.0,176.0,0.41,Moderate
4.8,8.0,1114.0,8.0,70.0,6.0,0.83,170.0,2400.0,8.4,292.0,778.0,556.0,1.3,Moderate
3.5,7.1,819.0,19.0,128.0,3.3,1.5,1400.0,4900.0,15.0,164.0,580.0,216.0,1.5,Moderate
5.9,8.5,907.0,7.0,60.0,3.6,0.51,3300.0,7900.0,15.1,176.0,616.0,80.0,0.2,Moderate
4.6,8.5,1581.0,8.0,92.0,5.5,0.4,320.0,3500.0,77.8,364.0,1046.0,296.0,0.95,Moderate
4.4,8.1,700.0,11.0,101.0,2.7,0.8,1700.0,4600.0,8.5,116.0,476.0,148.0,1.2,Moderate
0.3,6.7,1636.0,74.0,488.0,6.0,20.2,2600.0,11000.0,46.0,216.0,1112.0,328.0,1.64,High
4.9,8.5,615.0,9.0,84.0,2.4,0.77,580.0,3500.0,8.4,108.0,430.0,96.0,0.2,Moderate
1.2,7.5,998.0,18.0,156.0,4.0,3.2,2600.0,9400.0,79.0,188.0,678.0,136.0,0.2,High
5.9,7.8,646.0,7.0,60.0,2.1,0.4,210.0,3500.0,39.3,60.0,438.0,136.0,0.2,Moderate
4.9,6.6,750.0,9.0,86.0,4.7,0.79,1700.0,13000.0,7.3,240.0,520.0,260.0,0.3,Moderate
4.7,7.4,2269.0,10.0,90.0,10.0,0.72,2100.0,9400.0,9.8,552.0,1552.0,524.0,3.1,Moderate
4.6,8.5,1020.0,10.0,98.0,5.6,0.82,2600.0,4800.0,9.7,124.0,652.0,284.0,1.7,High
3.3,6.5,624.0,16.0,133.0,2.39,3.6,17000.0,33000.0,38.8,100.0,430.0,168.0,0.59,High
4.7,8.1,1235.0,10.0,94.0,10.0,0.76,14000.0,46000.0,10.2,292.0,850.0,248.0,2.0,High
1.3,7.9,2015.0,17.0,132.0,7.0,2.3,2300.0,7900.0,122.0,332.0,1370.0,340.0,1.64,Moderate
6.0,7.7,986.0,5.0,48.0,4.0,0.46,220.0,2400.0,5.7,184.0,680.0,148.0,0.2,Low
0.3,7.4,2356.0,90.0,369.0,9.0,21.0,310000.0,940000.0,16.2,400.0,1648.0,640.0,0.76,High
0.3,7.7,2250.0,66.0,328.0,8.6,4.9,1700.0,7900.0,8.1,380.0,1562.0,612.0,0.69,Moderate
0.3,7.19,2552.0,51.0,354.0,11.0,32.0,140000.0,490000.0,14.0,448.0,1736.0,708.0,0.96,High
4.8,8.7,1284.0,9.0,80.0,5.5,0.78,170.0,2400.0,9.2,164.0,894.0,188.0,0.2,High
1.5,6.7,1038.0,17.0,114.0,4.3,2.8,240.0,3500.0,18.5,104.0,724.0,316.0,6.0,Moderate
4.6,8.8,1400.0,9.0,86.0,6.7,0.91,3400.0,13000.0,7.8,204.0,972.0,296.0,0.4,High
0.3,7.7,3090.0,120.0,401.0,11.8,24.0,14000.0,46000.0,18.4,528.0,2156.0,848.0,1.65,High
0.8,7.6,1185.0,18.0,120.0,6.0,2.0,1100000.0,4900000.0,20.5,152.0,525.0,436.0,2.0,High
0.7,7.8,1360.0,18.0,120.0,6.6,2.2,1700.0,4800.0,18.6,216.0,944.0,428.0,6.0,Moderate
4.4,7.4,641.0,8.0,83.0,1.1,0.4,11000.0,33000.0,54.0,100.0,370.0,192.0,0.2,High
4.2,7.28,1014.0,5.0,55.0,2.5,0.4,2400.0,4800.0,12.3,224.0,670.0,236.0,0.2,Moderate
4.3,7.6,457.0,7.0,63.0,2.725,0.9,2700.0,11000.0,12.3,44.0,320.0,204.0,0.2,High
3.0,7.6,1135.0,15.0,149.0,3.6,10.0,13000.0,46000.0,130.0,176.0,774.0,308.0,1.2,High
4.1,7.4,1713.0,5.0,48.0,6.6,0.86,1700.0,7900.0,9.8,292.0,1186.0,460.0,0.5,Low
4.8,8.5,990.0,10.0,94.0,5.6,0.84,2100.0,11000.0,6.8,168.0,678.0,268.0,1.5,Moderate
4.8,8.4,760.0,10.0,99.0,2.9,0.83,1700.0,7900.0,11.2,120.0,522.0,164.0,0.9,Moderate
5.6,8.5,634.0,6.0,56.0,22.0,0.4,140.0,2400.0,38.6,104.0,426.0,100.0,0.2,Low
3.2,7.8,996.0,13.0,125.0,3.8,3.8,14000.0,46000.0,42.8,164.0,690.0,268.0,0.57,High
4.2,7.7,1950.0,8.0,92.0,7.8,0.99,3400.0,13000.0,37.2,156.0,1326.0,400.0,0.57,High
5.2,7.9,1442.0,8.0,80.0,5.0,0.4,2100.0,7000.0,35.2,176.0,994.0,120.0,0.2,Moderate
4.7,7.9,541.0,9.0,80.0,1.77,0.72,2200.0,24000.0,16.5,64.0,368.0,68.0,0.2,Moderate
3.2,7.1,879.0,15.0,149.0,3.2,2.99,2700.0,11000.0,185.0,148.0,600.0,188.0,0.2,High
4.5,6.9,730.0,8.0,72.0,2.5,0.4,3300.0,11000.0,13.2,92.0,492.0,116.0,0.48,High
4.4,7.0,723.0,8.0,92.0,2.5,0.4,1400.0,4600.0,8.2,92.0,486.0,120.0,0.44,Moderate
3.4,7.9,2084.0,9.0,92.0,7.0,0.87,2700.0,11000.0,92.0,316.0,1436.0,300.0,1.28,High
3.2,8.6,1167.0,15.0,116.0,4.0,2.0,2200.0,4900.0,98.6,216.0,792.0,144.0,0.2,High
5.3,8.5,863.0,6.0,56.0,3.0,0.48,320.0,3500.0,55.8,156.0,586.0,132.0,0.31,Low
4.3,7.49,443.0,6.0,55.0,0.81,0.4,1700.0,7000.0,10.1,48.0,306.0,152.0,0.2,Moderate
4.4,7.3,729.0,8.0,83.0,2.725,0.8,3400.0,35000.0,10.4,112.0,496.0,176.0,0.3,High
4.4,8.2,392.0,7.0,88.0,1.0,0.48,6300.0,54000.0,35.6,64.0,268.0,72.0,0.56,High
4.7,7.2,550.0,8.0,72.0,2.0,0.79,2300.0,54000.0,6.4,108.0,376.0,148.0,0.98,Moderate
2.6,7.0,908.0,12.0,119.0,4.1,1.8,4000.0,92000.0,25.3,156.0,620.0,280.0,2.4,High
4.9,7.0,550.0,8.0,71.0,2.0,0.8,1300.0,24000.0,5.8,100.0,372.0,148.0,0.7,Moderate
4.8,7.1,548.0,8.0,70.0,0.3,0.8,1700.0,35000.0,5.9,108.0,372.0,124.0,0.83,Moderate
2.9,7.5,766.0,35.0,168.0,3.0,2.2,11000.0,92000.0,78.2,96.0,518.0,204.0,1.2,High
3.2,7.9,1842.0,21.0,136.0,6.0,1.4,9400.0,160000.0,35.1,420.0,1232.0,448.0,0.83,High
5.2,6.9,621.0,5.0,44.0,9.0,0.51,4700.0,160000.0,16.1,72.0,422.0,164.0,0.29,Low
4.1,7.1,488.0,11.0,100.0,1.7,0.96,4700.0,54000.0,16.4,88.0,330.0,156.0,0.2,High
4.2,7.4,784.0,10.0,100.0,2.3,0.92,21.0,540.0,38.4,128.0,534.0,156.0,0.2,Moderate
2.9,7.0,1538.0,30.0,172.0,6.0,1.8,4800.0,92000.0,5.3,272.0,1076.0,392.0,0.33,High
3.4,8.0,528.0,17.0,165.0,1.5,1.86,33.0,1600.0,94.8,84.0,360.0,92.0,0.2,Moderate
4.4,8.0,466.0,4.0,44.0,1.0,0.4,11000.0,92000.0,33.8,68.0,316.0,136.0,0.2,Moderate
4.0,8.0,478.0,4.0,44.0,1.0,0.42,4800.0,35000.0,18.0,60.0,324.0,152.0,0.2,Moderate
3.1,7.0,598.0,23.0,156.0,2.0,2.9,7000.0,160000.0,35.4,112.0,412.0,156.0,2.0,High
4.4,7.0,700.0,5.0,44.0,3.0,0.9,3100.0,54000.0,10.5,128.0,490.0,148.0,0.3,Moderate
5.4,7.3,1048.0,6.0,76.0,4.0,0.4,6300.0,54000.0,20.1,176.0,704.0,184.0,0.2,Moderate
3.2,7.4,1045.0,16.0,124.0,4.0,0.96,8400.0,92000.0,10.8,176.0,700.0,184.0,0.2,High
6.1,7.2,586.0,4.0,44.0,2.0,0.4,79000.0,1600000.0,8.1,72.0,400.0,100.0,0.2,Low
1.1,6.9,1474.0,24.0,156.0,3.2,8.2,170000.0,2400000.0,10.4,356.0,1002.0,436.0,3.1,High
4.5,8.0,498.0,4.0,40.0,1.0,0.62,2700.0,24000.0,25.0,64.0,338.0,160.0,0.2,Moderate
3.2,6.5,1789.0,14.0,100.0,6.0,1.0,49000.0,240000.0,21.4,296.0,1196.0,544.0,1.5,High
4.5,7.3,1044.0,7.0,80.0,4.0,0.48,12000.0,92000.0,12.1,172.0,698.0,172.0,0.2,High
4.3,8.0,843.0,4.0,40.0,3.0,0.4,7900.0,160000.0,2.0,104.0,590.0,352.0,0.2,Moderate
3.0,6.9,1418.0,12.0,112.0,6.0,1.2,4900.0,54000.0,11.0,216.0,964.0,516.0,2.0,High
5.0,7.0,550.0,5.0,48.0,2.0,0.5,2200.0,24000.0,5.8,92.0,378.0,184.0,0.2,Low
4.1,7.0,984.0,11.0,104.0,4.0,0.9,48000.0,350000.0,18.8,132.0,688.0,272.0,2.0,High
4.9,6.7,683.0,4.0,45.0,2.62,0.66,4900.0,92000.0,6.6,112.0,476.0,184.0,0.25,Moderate
4.7,7.9,1222.0,4.7,44.0,4.69,0.72,460.0,16000.0,5.6,208.0,858.0,332.0,0.2,Low
3.4,8.1,262.0,17.0,170.0,0.8,1.8,4900.0,54000.0,26.2,36.0,182.0,68.0,0.2,High
5.0,7.9,1166.0,6.0,62.0,3.4,0.54,430.0,16000.0,4.4,180.0,794.0,316.0,0.49,Low
3.2,7.1,602.0,17.0,173.0,1.7,2.9,22000.0,240000.0,28.1,92.0,424.0,160.0,0.3,High
4.2,7.0,549.0,8.0,84.0,2.0,0.9,34000.0,240000.0,12.9,128.0,378.0,160.0,0.2,High
3.2,6.6,632.0,12.0,108.0,10.0,1.2,3300.0,54000.0,18.2,56.0,428.0,140.0,4.0,High
3.4,7.0,846.0,13.0,125.0,2.4,1.9,4600.0,92000.0,10.8,132.0,578.0,228.0,0.35,High
4.4,7.0,981.0,7.0,76.0,4.0,0.9,46000.0,540000.0,17.6,124.0,686.0,244.0,0.2,High
0.3,7.0,1056.0,45.0,236.0,4.0,15.2,31000.0,350000.0,10.2,188.0,10.0,184.0,0.2,High
5.5,7.3,373.0,6.0,50.0,1.5,0.98,7900.0,92000.0,15.2,48.0,250.0,100.0,1.0,Low
0.3,7.0,1382.0,202.0,788.0,5.0,28.0,2600000.0,35000000.0,15.2,176.0,966.0,328.0,0.2,High
4.8,7.3,740.0,7.0,64.0,3.2,0.95,4800.0,54000.0,6.5,116.0,508.0,296.0,1.0,High
0.3,6.7,1220.0,34.0,224.0,5.5,4.0,47000.0,540000.0,25.6,168.0,832.0,300.0,3.8,High
3.1,6.9,743.0,12.0,110.0,2.85,2.0,2600.0,54000.0,19.0,120.0,520.0,200.0,0.29,High
4.2,8.2,580.0,9.0,84.0,2.6,0.96,8400.0,160000.0,15.4,144.0,396.0,96.0,0.9,High
0.3,6.7,1480.0,83.0,320.0,5.69,14.2,170000.0,2400000.0,16.8,252.0,1042.0,404.0,0.83,High
4.5,6.5,497.0,4.0,40.0,1.91,0.88,3300.0,54000.0,28.4,80.0,346.0,132.0,0.25,Moderate
0.3,7.3,1380.0,73.0,328.0,5.3,17.8,1700000.0,24000000.0,11.2,232.0,972.0,352.0,0.87,High
6.7,7.5,364.0,4.0,40.0,1.39,0.4,4800.0,54000.0,4.3,56.0,252.0,96.0,0.2,Low
3.0,7.0,978.0,13.0,116.0,3.76,2.2,4000.0,92000.0,22.3,164.0,682.0,264.0,0.45,High
5.6,7.3,647.0,4.0,44.0,2.48,0.41,2200.0,35000.0,28.2,108.0,454.0,176.0,0.2,Low
6.1,6.8,213.0,4.0,40.0,1.0,0.4,3100.0,160000.0,4.1,28.0,148.0,48.0,0.2,Low
4.1,6.6,368.0,11.0,111.0,1.1,0.95,4600.0,92000.0,14.4,56.0,254.0,96.0,0.2,High
5.2,6.9,340.0,4.0,43.0,1.33,0.44,470.0,16000.0,2.8,56.0,238.0,92.0,0.2,Low
4.3,7.4,645.0,11.0,107.0,1.9,0.93,470.0,16000.0,10.0,100.0,440.0,172.0,0.23,Moderate
2.7,7.0,1700.0,13.0,121.0,6.68,3.2,4100.0,92000.0,13.6,288.0,1192.0,464.0,1.24,High
6.5,6.6,373.0,4.0,40.0,1.43,0.56,23000.0,240000.0,10.4,64.0,262.0,100.0,0.2,Low
5.4,7.3,646.0,4.0,45.0,2.44,0.58,490.0,9200.0,27.1,104.0,452.0,176.0,0.2,Low
5.5,7.4,647.0,4.0,45.0,2.48,0.57,4300.0,160000.0,26.9,108.0,456.0,180.0,0.2,Low
6.3,6.7,372.0,4.0,42.0,1.45,0.4,4900.0,92000.0,9.6,60.0,260.0,104.0,0.2,Low
6.4,6.6,371.0,4.0,41.0,1.42,0.4,4800.0,54000.0,9.8,56.0,258.0,100.0,0.2,Low
5.3,7.4,646.0,4.0,45.0,2.53,0.49,430.0,16000.0,176.0,100.0,454.0,176.0,0.2,Low
6.2,6.6,371.0,4.0,43.0,1.44,0.4,4000.0,35000.0,9.7,64.0,256.0,104.0,0.2,Low
6.1,6.7,370.0,4.0,42.0,1.42,0.4,630.0,9200.0,9.9,60.0,254.0,100.0,0.2,Low
4.9,7.5,740.0,4.0,44.0,2.84,0.59,460.0,16000.0,2.4,124.0,516.0,200.0,0.2,Low
4.7,8.5,284.0,4.0,46.0,1.1,0.72,4300.0,54000.0,7.6,44.0,198.0,64.0,0.2,Moderate
5.8,8.2,1401.0,7.0,65.0,4.3,0.68,4300.0,54000.0,3.2,308.0,950.0,264.0,0.25,Moderate
2.9,7.2,1404.0,58.0,220.0,5.0,1.3,46000.0,350000.0,34.2,152.0,938.0,252.0,1.0,High
3.0,7.4,446.0,20.0,199.0,1.3,3.6,1700.0,24000.0,38.5,68.0,306.0,116.0,0.2,Moderate
0.3,6.7,1954.0,78.0,254.0,31.0,5.2,1300000.0,3500000.0,28.9,508.0,1330.0,496.0,8.0,High
4.1,7.3,1127.0,10.0,88.0,20.0,0.82,2600.0,35000.0,9.2,216.0,764.0,252.0,0.24,High
4.3,7.0,639.0,4.3,80.0,2.0,0.4,4000.0,35000.0,3.4,128.0,440.0,152.0,0.2,Moderate
4.1,7.0,626.0,11.0,105.0,1.8,0.94,310.0,9200.0,25.4,96.0,428.0,108.0,0.2,Moderate
4.0,7.4,744.0,4.0,44.0,2.0,0.4,4700.0,54000.0,10.0,108.0,520.0,256.0,0.2,Moderate
4.2,7.0,1272.0,11.0,104.0,5.0,0.4,8400.0,92000.0,29.0,316.0,864.0,308.0,2.0,High
5.8,7.3,972.0,5.0,60.0,3.0,0.54,4000.0,35000.0,20.5,120.0,652.0,224.0,1.0,Moderate
0.3,7.0,2390.0,25.0,313.0,7.3,4.6,220000.0,2400000.0,8.2,408.0,1630.0,648.0,1.24,High
3.3,7.1,1880.0,18.0,207.0,4.0,4.0,46000.0,350000.0,9.1,352.0,1280.0,532.0,3.0,High
4.3,7.0,552.0,9.0,88.0,2.0,0.75,4900.0,92000.0,6.1,84.0,380.0,152.0,0.2,High
4.2,8.1,963.0,10.0,101.0,2.8,0.9,1700.0,92000.0,14.3,148.0,656.0,260.0,0.4,Moderate
5.2,7.5,817.0,4.0,40.0,3.13,0.4,320.0,16000.0,4.8,136.0,568.0,216.0,0.2,Low
4.8,6.6,412.0,4.0,40.0,1.59,0.75,2200.0,24000.0,26.1,68.0,288.0,108.0,0.22,Low
4.4,6.9,1696.0,5.0,45.0,6.53,0.91,4100.0,35000.0,19.2,284.0,1188.0,460.0,0.92,Moderate
4.5,7.6,245.0,4.0,42.0,1.0,0.76,3400.0,35000.0,11.2,40.0,170.0,60.0,0.2,Moderate
3.0,6.9,435.0,14.0,121.0,1.68,2.9,1700.0,24000.0,8.1,72.0,302.0,116.0,0.29,Moderate
3.1,7.2,470.0,13.0,120.0,1.81,2.7,330.0,9200.0,6.2,76.0,328.0,124.0,0.2,Moderate
4.3,6.9,527.0,9.0,117.0,1.12,0.226,490.0,16000.0,8.6,68.0,360.0,132.0,0.2,Moderate
5.0,6.8,1111.0,7.0,83.0,2.0,0.438,4600.0,54000.0,16.5,168.0,760.0,280.0,1.5,Moderate
4.2,6.9,526.0,9.0,113.0,1.1,0.4,430.0,9200.0,13.7,70.0,360.0,160.0,1.22,Moderate
4.8,6.9,380.0,6.0,71.0,0.7,0.4,3300.0,54000.0,10.3,36.0,260.0,144.0,0.2,Moderate
4.3,7.1,732.0,5.0,66.0,1.4,0.4,5800.0,92000.0,12.1,100.0,502.0,220.0,0.2,Moderate
4.4,6.7,320.0,5.0,46.0,0.63,0.2,4000.0,35000.0,2.1,32.0,220.0,128.0,0.27,Moderate
5.7,8.2,340.0,5.0,64.0,1.0,0.4,4600.0,54000.0,7.8,52.0,232.0,80.0,0.21,Moderate
5.1,8.0,344.0,7.0,98.0,1.0,0.4,7000.0,92000.0,6.2,52.0,234.0,60.0,0.28,Moderate
5.0,8.2,342.0,7.0,96.0,1.0,0.43,4000.0,54000.0,5.6,52.0,234.0,64.0,0.27,Moderate
3.2,6.8,1190.0,15.0,112.0,4.0,2.8,4800.0,160000.0,29.2,60.0,794.0,288.0,0.29,High
5.1,6.9,500.0,7.0,88.0,2.0,0.4,4300.0,92000.0,12.2,36.0,338.0,132.0,0.52,Moderate
3.2,7.1,1156.0,12.0,108.0,5.0,0.4,4300.0,92000.0,3.6,204.0,786.0,292.0,0.56,High
5.2,7.5,497.0,6.0,56.0,2.0,0.41,700.0,16000.0,12.8,56.0,338.0,124.0,0.34,Low
6.1,7.6,412.0,4.0,40.0,1.0,0.4,4100.0,24000.0,4.4,56.0,282.0,144.0,0.31,Low
3.2,6.6,592.0,20.0,152.0,2.0,2.2,4700.0,54000.0,7.2,108.0,400.0,136.0,0.8,High
6.1,7.5,407.0,4.0,40.0,1.0,0.4,430.0,5400.0,3.8,52.0,274.0,136.0,0.31,Low
5.3,6.7,588.0,6.0,72.0,2.0,0.4,4800.0,92000.0,4.1,104.0,394.0,132.0,0.87,Moderate
6.1,6.9,666.0,4.0,40.0,2.0,0.4,460.0,16000.0,2.6,100.0,444.0,172.0,0.28,Low
6.0,7.5,412.0,4.0,40.0,1.0,0.4,4900.0,54000.0,4.8,56.0,282.0,120.0,0.29,Low
4.2,7.6,509.0,5.0,40.0,2.0,0.56,700.0,9200.0,9.2,52.0,346.0,120.0,0.25,Low
4.2,7.5,489.0,4.0,40.0,2.0,0.58,6300.0,54000.0,12.6,72.0,332.0,104.0,0.2,Moderate
5.8,7.6,408.0,5.0,60.0,1.0,0.4,3400.0,35000.0,4.3,56.0,278.0,140.0,0.31,Moderate
6.1,7.4,498.0,4.0,40.0,1.0,0.4,2200.0,24000.0,2.7,48.0,340.0,148.0,0.31,Low
4.4,7.1,1116.0,7.8,71.0,4.5,0.72,15000.0,160000.0,6.9,176.0,762.0,300.0,1.2,High
5.8,7.9,1107.0,6.0,52.0,4.0,0.4,630.0,9200.0,2.3,164.0,752.0,232.0,0.2,Low
6.1,7.2,981.0,6.0,56.0,4.0,0.4,460.0,9200.0,5.4,176.0,668.0,224.0,0.23,Low
4.5,8.1,1210.0,7.0,76.0,5.0,0.4,1700.0,24000.0,6.7,116.0,822.0,232.0,0.46,Moderate
3.5,7.0,462.0,17.0,120.0,2.0,4.7,4800.0,35000.0,7.3,28.0,318.0,100.0,0.48,High
4.8,6.7,586.0,7.0,64.0,2.0,0.4,480.0,16000.0,8.2,76.0,398.0,136.0,0.4,Moderate
1.8,6.9,930.0,20.0,156.0,4.0,0.4,17000.0,240000.0,15.6,112.0,632.0,204.0,0.59,High
4.2,6.5,378.0,8.0,72.0,2.0,0.4,480.0,5400.0,12.8,56.0,256.0,144.0,0.49,Moderate
4.6,6.5,526.0,7.0,60.0,2.0,0.4,940.0,9200.0,10.1,52.0,356.0,136.0,0.5,Moderate
2.2,7.1,702.0,18.0,160.0,4.2,4.2,7000.0,35000.0,6.2,116.0,490.0,188.0,0.21,High
6.1,7.9,1237.0,4.0,52.0,4.0,0.4,480.0,5400.0,7.8,260.0,834.0,268.0,0.87,Low
5.4,7.0,406.0,6.0,56.0,1.0,0.4,230.0,16000.0,6.2,52.0,274.0,88.0,0.57,Low
3.9,7.2,1014.0,12.0,104.0,4.0,2.6,310.0,16000.0,11.6,160.0,682.0,212.0,0.89,Moderate
6.1,8.0,758.0,4.0,44.0,3.0,0.4,460.0,5400.0,6.9,148.0,516.0,144.0,0.2,Low
5.5,7.9,1072.0,6.0,56.0,4.0,0.4,3100.0,54000.0,16.4,176.0,724.0,220.0,0.23,Moderate
3.2,6.6,972.0,17.0,116.0,3.0,5.8,4100.0,35000.0,26.0,48.0,662.0,396.0,1.0,High
4.1,7.5,859.0,13.0,125.0,2.5,0.91,2700.0,24000.0,32.0,132.0,586.0,232.0,0.36,High
4.2,8.6,403.0,8.0,76.0,1.6,0.65,2200.0,24000.0,8.4,68.0,274.0,104.0,0.2,High
2.8,6.5,480.0,14.0,124.0,2.0,6.8,1700.0,24000.0,14.6,112.0,326.0,116.0,0.45,Moderate
2.6,6.9,566.0,14.0,128.0,2.0,5.2,4700.0,92000.0,8.9,112.0,384.0,100.0,0.5,High
4.9,7.4,492.0,7.0,60.0,2.0,0.4,580.0,16000.0,9.2,68.0,334.0,104.0,0.2,Moderate
4.2,7.6,786.0,8.0,88.0,3.0,0.89,6300.0,54000.0,10.4,112.0,534.0,180.0,0.56,High
5.2,7.7,794.0,6.0,56.0,3.0,0.72,4800.0,35000.0,10.8,112.0,540.0,96.0,0.2,Moderate
4.1,7.2,620.0,9.0,80.0,3.0,0.85,2200.0,24000.0,5.6,112.0,422.0,124.0,0.48,Moderate
4.1,7.7,791.0,9.0,84.0,3.0,0.99,9400.0,92000.0,6.9,132.0,538.0,100.0,0.2,High
3.1,6.8,561.0,12.0,116.0,2.0,2.5,7900.0,54000.0,7.2,84.0,380.0,104.0,0.5,High
3.3,8.0,840.0,12.0,108.0,3.0,2.1,9400.0,160000.0,12.8,140.0,570.0,184.0,0.72,High
5.7,7.5,711.0,4.0,48.0,2.73,0.73,790.0,16000.0,3.7,116.0,496.0,192.0,0.21,Low
6.9,8.5,261.0,4.0,40.0,1.0,0.54,310.0,5400.0,4.9,40.0,182.0,56.0,0.2,Low
6.8,8.4,261.0,4.0,43.0,0.9,0.61,840.0,16000.0,5.1,36.0,162.0,52.0,0.2,Low
2.1,7.9,362.0,22.0,160.0,1.38,3.8,7900.0,35000.0,6.3,56.0,252.0,96.0,0.41,High
5.8,8.0,728.0,5.0,60.0,3.0,0.4,4900.0,24000.0,5.3,128.0,492.0,108.0,0.2,Moderate
4.5,8.4,798.0,8.0,92.0,3.0,0.52,4800.0,35000.0,6.6,116.0,538.0,180.0,1.4,High
5.7,6.5,540.0,5.0,64.0,2.0,0.49,4300.0,92000.0,6.6,68.0,372.0,132.0,0.91,Moderate
5.4,7.7,589.0,6.0,56.0,2.0,0.4,2300.0,24000.0,4.9,84.0,396.0,112.0,0.31,Low
5.5,8.2,800.0,6.0,72.0,3.0,0.4,3100.0,35000.0,5.4,120.0,540.0,176.0,0.31,Moderate
6.0,7.5,719.0,4.0,48.0,3.0,0.4,470.0,9200.0,3.9,128.0,502.0,112.0,0.2,Low
6.1,7.6,595.0,4.0,40.0,2.0,0.4,410.0,16000.0,4.6,100.0,402.0,124.0,0.6,Low
5.0,8.4,800.0,7.0,84.0,3.0,0.59,4000.0,54000.0,13.1,124.0,540.0,176.0,0.81,Moderate
5.7,7.0,346.0,5.0,52.0,1.0,0.4,3100.0,35000.0,3.2,88.0,302.0,104.0,0.28,Moderate
4.4,7.9,679.0,6.0,56.0,3.0,0.4,7000.0,92000.0,16.3,100.0,468.0,124.0,0.2,Moderate
6.0,7.8,641.0,5.0,48.0,3.0,0.4,1300.0,24000.0,14.8,92.0,442.0,112.0,0.2,Low
6.0,7.4,572.0,4.0,40.0,2.0,0.4,460.0,5400.0,5.6,68.0,388.0,84.0,0.2,Low
1.9,8.1,723.0,13.0,128.0,3.0,2.2,7000.0,35000.0,48.5,104.0,498.0,152.0,0.2,High
3.5,8.1,724.0,13.0,124.0,3.0,3.6,480.0,9200.0,47.2,92.0,492.0,176.0,0.26,Moderate
4.5,6.9,530.0,6.0,60.0,2.0,0.4,330.0,5400.0,4.9,96.0,360.0,96.0,0.76,Moderate
1.9,7.1,997.0,51.0,212.0,4.0,14.6,340000.0,2400000.0,20.5,92.0,686.0,320.0,0.6,High
1.8,7.3,2320.0,27.0,170.0,8.89,3.9,8400.0,92000.0,10.9,392.0,1630.0,620.0,0.8,High
2.1,7.1,1438.0,17.0,153.0,5.47,3.2,3300.0,54000.0,9.4,240.0,1010.0,388.0,0.48,High
2.8,6.7,866.0,15.0,139.0,3.32,2.6,4600.0,35000.0,7.6,144.0,604.0,232.0,0.42,High
0.3,7.3,1457.0,77.0,320.0,5.59,18.1,170000.0,2400000.0,16.6,244.0,1022.0,400.0,1.4,High
4.2,6.7,381.0,4.0,45.0,1.46,0.54,700.0,9200.0,4.0,60.0,266.0,100.0,0.2,Low
4.8,6.8,508.0,8.0,78.0,1.5,0.9,480.0,16000.0,6.8,72.0,348.0,196.0,0.7,Moderate
5.0,6.6,505.0,7.2,68.0,1.7,0.98,7900.0,54000.0,6.4,80.0,346.0,136.0,0.53,Moderate
0.3,6.8,1493.0,72.0,240.0,6.0,16.4,7000.0,35000.0,38.8,292.0,1018.0,400.0,1.0,High
0.3,7.0,1289.0,62.0,208.0,5.0,7.2,460.0,9200.0,16.8,196.0,882.0,436.0,2.5,Moderate
2.4,6.7,2191.0,17.0,116.0,12.0,1.9,2300.0,24000.0,18.4,268.0,1492.0,996.0,0.5,Moderate
2.6,6.7,602.0,18.0,118.0,1.5,0.8,4900.0,160000.0,13.6,120.0,410.0,176.0,0.5,High
2.5,7.8,550.0,18.0,120.0,1.8,2.2,40000.0,540000.0,12.0,72.0,378.0,168.0,0.5,High
2.8,7.2,558.0,17.0,116.0,1.8,2.4,4800.0,35000.0,14.3,72.0,386.0,176.0,0.5,High
4.6,7.0,840.0,8.0,77.0,3.0,0.95,580.0,9200.0,8.4,148.0,574.0,220.0,0.2,Moderate
4.7,6.8,785.0,8.0,72.0,3.0,0.83,330.0,16000.0,5.4,156.0,544.0,196.0,0.2,Moderate
5.2,7.5,520.0,5.0,44.0,2.0,0.4,4000.0,54000.0,7.3,40.0,354.0,160.0,0.2,Low
6.1,7.3,528.0,4.0,40.0,2.0,0.4,310.0,9200.0,14.9,32.0,360.0,148.0,0.2,Low
5.2,7.3,520.0,5.0,44.0,2.0,0.4,480.0,16000.0,6.6,40.0,354.0,160.0,0.2,Low
5.8,6.5,384.0,4.0,40.0,1.14,0.46,7000.0,54000.0,1.24,28.0,260.0,96.0,0.43,Low
5.2,7.9,872.0,6.0,52.0,4.0,0.4,4600.0,35000.0,8.5,132.0,594.0,220.0,1.1,Moderate
4.3,7.3,620.0,8.0,72.0,3.0,0.4,2300.0,24000.0,37.1,76.0,422.0,176.0,2.86,Moderate
1.2,7.3,321.0,15.0,120.0,1.29,3.1,22000.0,240000.0,76.2,24.0,218.0,88.0,0.2,High
5.3,7.6,698.0,6.0,56.0,2.0,0.44,4900.0,160000.0,36.9,72.0,476.0,176.0,0.63,Moderate
5.8,6.5,376.0,5.0,48.0,1.1,0.51,5800.0,92000.0,5.3,20.0,254.0,104.0,0.29,Low
1.8,7.0,427.0,14.0,116.0,1.31,1.29,7900.0,54000.0,58.2,24.0,290.0,128.0,0.43,High
0.4,7.0,1286.0,24.0,157.0,5.1,1.4,2100.0,54000.0,14.4,184.0,878.0,392.0,2.0,Moderate
0.3,7.0,1952.0,67.0,223.0,7.6,20.6,220000.0,2400000.0,29.6,332.0,1330.0,532.0,2.2,High
2.0,7.2,1165.0,16.0,108.0,4.2,1.8,400000.0,3500000.0,16.0,204.0,802.0,340.0,1.5,High
3.5,7.3,1180.0,10.0,92.0,5.6,1.1,4300.0,92000.0,12.8,156.0,810.0,464.0,1.2,High
5.4,7.6,614.0,6.0,56.0,2.0,0.4,5800.0,92000.0,7.2,116.0,422.0,92.0,0.2,Moderate
3.2,6.7,1572.0,16.0,124.0,5.0,3.4,4000.0,35000.0,1.7,304.0,1058.0,320.0,0.63,High
5.7,6.8,616.0,5.0,48.0,2.0,0.4,2300.0,24000.0,60.2,96.0,412.0,164.0,0.2,Low
5.0,6.7,1562.0,7.0,88.0,5.0,0.4,460.0,9200.0,1.1,312.0,1052.0,324.0,0.58,Moderate
6.1,7.4,489.0,4.0,40.0,1.0,0.4,4900.0,160000.0,7.3,68.0,334.0,104.0,0.46,Low
6.0,6.5,774.0,4.0,40.0,3.0,0.4,430.0,9200.0,4.7,108.0,524.0,160.0,0.47,Low
5.7,6.5,750.0,5.0,44.0,3.0,0.4,3300.0,54000.0,8.7,104.0,508.0,196.0,0.88,Low
5.4,7.2,575.0,6.0,72.0,2.0,0.4,5800.0,92000.0,28.4,88.0,388.0,124.0,0.21,Moderate
4.6,6.5,300.0,10.0,91.0,0.62,0.86,4300.0,54000.0,7.4,32.0,240.0,108.0,0.2,High
4.9,7.8,1256.0,8.0,84.0,5.0,0.91,7000.0,160000.0,6.8,276.0,866.0,312.0,0.41,High
6.0,7.7,614.0,5.0,48.0,2.0,0.49,3300.0,24000.0,6.4,76.0,416.0,116.0,0.2,Low
4.5,7.4,567.0,6.0,60.0,2.0,0.4,4000.0,35000.0,12.5,80.0,390.0,100.0,0.2,Moderate
4.4,8.2,580.0,8.0,96.0,2.0,0.46,2100.0,54000.0,27.9,96.0,392.0,104.0,0.49,Moderate
0.3,6.9,1303.0,30.0,212.0,5.0,21.56,700000.0,5400000.0,20.1,164.0,886.0,416.0,2.0,High
4.4,7.1,520.0,10.0,93.0,1.7,0.94,3300.0,35000.0,8.6,72.0,350.0,176.0,0.6,High
4.6,6.6,624.0,8.0,84.0,3.0,0.62,4900.0,54000.0,39.6,84.0,424.0,116.0,0.33,High
4.2,6.7,381.0,4.0,45.0,1.46,0.54,700.0,9200.0,4.0,60.0,266.0,100.0,0.2,Low
5.1,7.7,562.0,4.0,44.0,2.0,0.48,49.0,1600.0,4.2,72.0,386.0,140.0,0.15,Low
0.5,6.7,1185.0,39.0,200.0,5.0,14.3,46000.0,350000.0,21.2,252.0,816.0,248.0,2.0,High
6.0,7.0,423.0,5.0,48.0,2.0,0.48,4700.0,92000.0,44.3,48.0,290.0,140.0,0.4,Low
6.1,6.8,470.0,4.0,44.0,2.0,0.49,340.0,16000.0,5.7,36.0,324.0,168.0,0.2,Low
4.8,7.0,1387.0,9.0,88.0,6.0,0.65,580.0,9200.0,3.7,224.0,956.0,388.0,0.56,Moderate
4.8,7.6,380.0,7.0,60.0,6.79,0.99,4300.0,92000.0,13.2,72.0,258.0,68.0,0.49,High
5.6,6.7,385.0,6.0,52.0,7.0,0.76,4800.0,35000.0,14.2,56.0,262.0,64.0,0.33,Moderate
5.4,6.5,425.0,6.0,56.0,7.0,0.78,4700.0,160000.0,12.6,36.0,290.0,104.0,0.73,Moderate
5.4,6.5,467.0,6.0,56.0,7.0,0.98,4900.0,92000.0,12.7,68.0,316.0,88.0,0.43,Moderate
4.8,7.6,380.0,8.0,60.0,7.0,0.99,4300.0,92000.0,13.2,72.0,258.0,68.0,0.49,High
4.9,7.1,751.0,7.0,60.0,13.0,0.4,4100.0,160000.0,8.7,108.0,510.0,152.0,0.49,High
4.3,6.8,387.0,8.0,92.0,5.0,0.93,3200.0,54000.0,12.6,40.0,262.0,76.0,0.2,High
4.5,6.7,328.0,7.0,64.0,4.0,0.69,1700.0,24000.0,10.2,32.0,222.0,48.0,0.2,Moderate
4.1,6.5,512.0,9.0,84.0,7.0,0.96,580.0,16000.0,10.9,28.0,348.0,136.0,1.0,Moderate
4.1,6.8,545.0,10.0,88.0,8.0,0.98,4600.0,35000.0,12.4,28.0,368.0,92.0,0.2,High
0.3,7.2,1348.0,86.0,404.0,7.0,5.6,700.0,16000.0,1.6,224.0,908.0,372.0,1.0,Moderate
4.1,7.2,1597.0,9.0,100.0,6.0,0.98,460.0,16000.0,7.2,400.0,1086.0,400.0,0.49,Moderate
1.4,6.8,2040.0,30.0,196.0,8.0,15.28,3400.0,54000.0,38.5,400.0,1386.0,388.0,0.27,High
0.4,7.2,1914.0,21.0,172.0,8.0,21.25,22000.0,240000.0,34.2,348.0,1300.0,448.0,1.35,High
4.4,7.6,756.0,9.0,88.0,3.0,0.45,9400.0,160000.0,8.0,160.0,520.0,120.0,0.2,High
5.4,6.5,434.0,4.0,41.0,1.66,0.44,4800.0,92000.0,5.1,68.0,302.0,112.0,0.2,Low
3.2,6.5,1556.0,18.0,160.0,2.17,4.8,460.0,16000.0,8.5,260.0,1090.0,416.0,0.58,Moderate
4.4,6.6,486.0,10.0,100.0,2.0,0.89,2100.0,35000.0,2.1,84.0,334.0,100.0,0.24,Moderate
0.3,6.7,1147.0,100.0,340.0,5.0,200.0,63000.0,540000.0,7.2,148.0,790.0,264.0,0.2,High
3.4,7.0,436.0,12.0,112.0,2.0,9.14,11000.0,160000.0,11.6,60.0,300.0,128.0,0.2,High
5.2,7.0,640.0,7.0,76.0,3.0,0.48,12000.0,92000.0,1.2,68.0,440.0,176.0,1.0,Moderate
3.2,7.2,1346.0,13.0,120.0,5.0,1.47,4300.0,54000.0,6.7,288.0,928.0,280.0,1.0,High
2.9,7.3,1556.0,17.0,160.0,5.96,4.8,470.0,16000.0,8.5,260.0,1090.0,416.0,0.58,Moderate
5.2,7.3,952.0,6.0,52.0,4.0,0.44,400.0,16000.0,9.6,156.0,646.0,228.0,1.14,Low
4.1,7.5,862.0,13.0,126.0,2.5,0.93,4800.0,160000.0,34.4,136.0,588.0,232.0,0.36,High
4.2,7.1,512.0,12.0,121.0,1.5,0.9,430.0,9200.0,20.3,76.0,350.0,136.0,0.21,Moderate
4.2,7.1,522.0,12.0,119.0,1.5,0.9,470.0,16000.0,14.9,80.0,356.0,140.0,0.22,Moderate
4.1,7.1,1080.0,12.0,123.0,3.2,0.92,3300.0,35000.0,28.6,168.0,736.0,292.0,0.45,High
4.2,7.4,859.0,11.0,113.0,2.5,0.9,7900.0,160000.0,11.22,132.0,584.0,232.0,0.36,High
4.3,7.1,510.0,11.0,115.0,1.5,0.87,480.0,9200.0,13.7,76.0,348.0,136.0,0.21,Moderate
5.3,6.9,294.0,4.0,40.0,1.0,0.4,430.0,5400.0,10.2,36.0,202.0,92.0,0.2,Low
4.3,7.6,791.0,11.0,110.0,2.3,0.85,2200.0,24000.0,9.8,120.0,538.0,212.0,0.33,Moderate
4.1,7.2,1080.0,13.0,129.0,3.2,0.94,4300.0,54000.0,36.6,168.0,734.0,292.0,0.46,High
6.6,7.0,485.0,4.0,40.0,1.9,0.4,7000.0,92000.0,5.3,80.0,340.0,124.0,0.2,Low
4.1,7.2,1084.0,13.0,130.0,3.2,0.95,4000.0,35000.0,37.2,172.0,740.0,292.0,0.47,High
6.7,7.1,483.0,4.0,40.0,1.85,0.56,330.0,16000.0,2.1,80.0,338.0,128.0,0.2,Low
4.1,7.8,840.0,11.0,110.0,3.6,0.88,1700.0,24000.0,10.4,188.0,570.0,228.0,1.3,Moderate
0.3,6.5,1645.0,30.0,200.0,5.3,40.7,27000.0,240000.0,38.6,200.0,1122.0,280.0,3.8,High
5.0,7.2,426.0,7.0,68.0,1.8,0.4,7000.0,92000.0,12.8,72.0,292.0,108.0,0.2,Moderate
4.2,7.4,666.0,9.0,88.0,2.8,0.97,3300.0,160000.0,13.0,148.0,458.0,108.0,0.2,High
4.9,7.3,653.0,7.0,65.0,2.8,0.42,4700.0,54000.0,11.6,136.0,454.0,132.0,0.2,High
5.1,7.3,657.0,7.0,65.0,2.8,0.5,480.0,9200.0,8.5,136.0,456.0,128.0,0.35,Moderate
4.5,7.4,672.0,8.0,72.0,2.8,0.59,4900.0,35000.0,11.2,148.0,466.0,136.0,0.2,High
5.3,7.5,745.0,4.0,46.0,2.86,0.53,4600.0,54000.0,4.8,124.0,522.0,200.0,0.2,Low
5.6,6.7,498.0,4.0,40.0,1.91,0.4,630.0,5400.0,3.6,80.0,348.0,132.0,0.2,Low
3.8,6.9,1820.0,9.0,108.0,5.0,2.72,4800.0,54000.0,35.9,320.0,1236.0,472.0,0.4,High
1.9,6.8,1813.0,29.0,196.0,5.0,4.01,3100.0,35000.0,20.3,332.0,1232.0,448.0,0.2,High
3.5,7.0,1678.0,12.0,116.0,4.0,3.18,4900.0,92000.0,25.3,284.0,1140.0,392.0,1.27,High
5.8,7.0,1826.0,5.0,48.0,7.0,0.52,6300.0,54000.0,31.3,328.0,1240.0,396.0,0.5,Low
4.8,7.3,1148.0,6.0,76.0,2.3,0.41,70.0,1600.0,3.6,236.0,784.0,392.0,0.29,Moderate
4.4,7.5,629.0,7.0,76.0,3.0,0.9,490.0,5400.0,7.4,112.0,434.0,148.0,0.2,Moderate
4.3,7.4,609.0,8.0,80.0,3.0,0.89,1200.0,16000.0,6.1,96.0,414.0,104.0,0.2,Moderate
4.4,7.2,491.0,6.0,76.0,1.0,0.4,480.0,9200.0,1.3,76.0,338.0,148.0,0.2,Moderate
4.3,7.3,533.0,7.0,80.0,1.1,0.41,4000.0,54000.0,1.3,72.0,370.0,156.0,0.2,High
4.1,7.0,538.0,5.0,64.0,1.0,0.4,4600.0,35000.0,1.1,76.0,370.0,160.0,0.2,Moderate
4.6,7.1,518.0,7.0,80.0,1.0,0.4,4300.0,92000.0,1.0,68.0,360.0,168.0,0.2,High
4.5,8.1,429.0,6.0,74.0,1.1,0.4,2200.0,24000.0,1.4,80.0,296.0,172.0,0.2,Moderate
4.7,7.2,504.0,5.0,63.0,1.1,0.4,490.0,16000.0,1.3,84.0,350.0,180.0,0.2,Moderate
5.3,7.5,1214.0,4.0,44.0,4.66,0.48,3300.0,54000.0,4.2,204.0,852.0,328.0,0.22,Low
3.1,6.9,708.0,16.0,118.0,2.72,3.6,4000.0,35000.0,5.1,116.0,492.0,188.0,0.3,High
3.2,8.0,498.0,12.0,112.0,2.0,2.9,23000.0,240000.0,68.2,88.0,342.0,100.0,0.3,High
6.0,7.9,510.0,4.0,48.0,1.8,0.42,4800.0,35000.0,25.7,80.0,348.0,116.0,0.26,Low
5.7,8.1,547.0,5.0,46.0,2.2,0.44,2700.0,24000.0,14.1,104.0,370.0,124.0,0.29,Low
5.6,6.8,769.0,7.0,68.0,3.0,0.45,2300.0,350000.0,8.9,84.0,524.0,236.0,1.33,Moderate
4.6,7.0,1056.0,8.0,88.0,4.0,0.71,3300.0,54000.0,14.2,216.0,718.0,232.0,1.2,High
5.2,7.2,639.0,7.0,60.0,2.0,0.4,310.0,9200.0,4.2,60.0,434.0,108.0,1.15,Moderate
5.4,7.2,1254.0,6.0,51.0,6.0,0.54,46000.0,350000.0,14.3,264.0,856.0,256.0,2.52,Moderate
5.8,7.2,1280.0,5.0,46.0,6.0,0.48,3100.0,92000.0,15.0,264.0,874.0,260.0,3.3,Low
5.9,6.7,1200.0,5.0,40.0,7.8,0.45,400.0,16000.0,17.6,40.0,152.0,76.0,2.7,Low
4.2,7.1,1237.0,9.0,86.0,6.0,0.4,4300.0,54000.0,14.6,244.0,842.0,300.0,3.0,High
0.3,6.8,1030.0,129.0,434.0,4.5,9.9,3300000.0,24000000.0,24.4,124.0,704.0,372.0,2.0,High
3.9,8.0,615.0,12.0,108.0,2.0,1.9,2300.0,24000.0,2.9,100.0,418.0,124.0,0.42,Moderate
5.4,7.8,520.0,6.0,72.0,1.8,0.4,7000.0,92000.0,7.2,80.0,352.0,116.0,0.42,Moderate
4.5,7.2,627.0,8.0,96.0,2.0,0.4,490.0,16000.0,5.2,100.0,426.0,136.0,1.0,Moderate
3.2,8.5,565.0,17.0,120.0,2.0,2.0,3400.0,35000.0,36.6,80.0,378.0,124.0,0.92,High
5.0,8.2,995.0,7.0,88.0,3.4,0.4,460.0,9200.0,5.8,168.0,666.0,240.0,2.0,Moderate
3.2,8.7,563.0,3.2,132.0,2.0,2.1,3100.0,35000.0,34.6,88.0,378.0,124.0,0.91,High
4.6,7.5,1025.0,8.0,96.0,4.0,0.4,7000.0,92000.0,7.8,188.0,682.0,224.0,2.0,High
5.8,7.5,878.0,5.0,48.0,4.0,0.49,340.0,16000.0,16.5,72.0,596.0,300.0,0.83,Low
5.8,7.2,897.0,6.0,56.0,4.0,0.56,340.0,54000.0,20.6,188.0,692.0,308.0,0.77,Low
4.6,8.2,994.0,8.0,92.0,3.4,0.4,4000.0,54000.0,12.7,100.0,668.0,236.0,2.0,High
6.2,6.5,314.0,4.0,40.0,1.2,0.4,3400.0,35000.0,2.6,20.0,220.0,112.0,0.2,Low
5.6,7.5,647.0,4.0,46.0,2.47,0.4,3400.0,35000.0,4.2,76.0,454.0,164.0,0.2,Low
6.4,6.5,280.0,4.0,42.0,1.07,0.4,3400.0,35000.0,2.9,16.0,194.0,104.0,0.2,Low
6.1,7.2,351.0,4.0,44.0,1.34,0.4,3400.0,35000.0,8.8,36.0,244.0,152.0,0.2,Low
4.8,8.5,845.0,5.0,52.0,3.24,0.4,3400.0,35000.0,2.2,120.0,592.0,248.0,0.26,Moderate
6.6,8.2,226.0,4.0,40.0,0.86,0.4,3400.0,35000.0,14.6,24.0,158.0,96.0,0.2,Low
0.3,6.7,839.0,44.0,210.0,3.22,14.6,3400.0,35000.0,5.2,84.0,590.0,192.0,0.31,High
4.6,8.4,1457.0,4.0,48.0,5.5,0.4,3400.0,35000.0,5.2,180.0,1030.0,256.0,0.29,Moderate
5.5,8.5,1230.0,4.0,46.0,4.72,0.4,3400.0,35000.0,1.2,96.0,864.0,268.0,0.29,Low
4.4,6.5,483.0,8.0,77.0,2.0,0.4,47000.0,540000.0,15.6,112.0,330.0,132.0,0.2,High
4.1,7.5,859.0,13.0,125.0,2.5,0.91,2700.0,24000.0,32.0,132.0,586.0,232.0,0.36,High
3.0,8.1,556.0,13.0,128.0,2.0,1.9,9400.0,160000.0,66.0,84.0,378.0,104.0,0.3,High
4.4,7.3,611.0,5.0,56.0,2.0,1.65,480.0,3500.0,4.6,108.0,514.0,128.0,0.1,Moderate
5.9,1.9,860.0,4.0,48.0,3.28,0.38,480.0,16000.0,5.4,140.0,602.0,228.0,0.27,Low
6.1,8.1,864.0,4.0,44.0,3.3,0.4,460.0,9200.0,5.6,144.0,604.0,232.0,0.29,Low
5.8,6.7,219.0,5.0,43.0,1.8,0.44,410.0,9200.0,14.4,36.0,160.0,80.0,0.23,Low
5.8,7.9,648.0,4.0,44.0,2.47,0.42,3400.0,35000.0,1.6,80.0,456.0,180.0,0.2,Low
